tipoTabla;sizeTabla;tipoClave;numElementos;tiempo
STL_map;24821;username;2500;0.0008819
STL_map;24821;username;5000;0.0016772
STL_map;24821;username;7500;0.002632
STL_map;24821;username;10000;0.0036824
STL_map;24821;username;12500;0.0046649
STL_map;24821;username;15000;0.0055716
STL_map;24821;username;17500;0.0065388
STL_map;24821;username;20000;0.0076496
STL_map;24821;username;2500;0.0008692
STL_map;24821;username;5000;0.001676
STL_map;24821;username;7500;0.0025996
STL_map;24821;username;10000;0.0036677
STL_map;24821;username;12500;0.0045308
STL_map;24821;username;15000;0.0055017
STL_map;24821;username;17500;0.0064107
STL_map;24821;username;20000;0.0085475
STL_map;24821;username;2500;0.0008937
STL_map;24821;username;5000;0.0016753
STL_map;24821;username;7500;0.0026264
STL_map;24821;username;10000;0.003741
STL_map;24821;username;12500;0.0047492
STL_map;24821;username;15000;0.0057346
STL_map;24821;username;17500;0.0066977
STL_map;24821;username;20000;0.007739
STL_map;24821;username;2500;0.0009142
STL_map;24821;username;5000;0.0016696
STL_map;24821;username;7500;0.0026552
STL_map;24821;username;10000;0.0037237
STL_map;24821;username;12500;0.0047877
STL_map;24821;username;15000;0.0055465
STL_map;24821;username;17500;0.0065208
STL_map;24821;username;20000;0.0077428
STL_map;24821;username;2500;0.0008684
STL_map;24821;username;5000;0.0016872
STL_map;24821;username;7500;0.0025933
STL_map;24821;username;10000;0.0039797
STL_map;24821;username;12500;0.0047722
STL_map;24821;username;15000;0.0053286
STL_map;24821;username;17500;0.0063368
STL_map;24821;username;20000;0.0073351
STL_map;24821;username;2500;0.0008802
STL_map;24821;username;5000;0.0016801
STL_map;24821;username;7500;0.0027521
STL_map;24821;username;10000;0.0041025
STL_map;24821;username;12500;0.0052356
STL_map;24821;username;15000;0.0059607
STL_map;24821;username;17500;0.0088619
STL_map;24821;username;20000;0.0082657
STL_map;24821;username;2500;0.0009434
STL_map;24821;username;5000;0.0017979
STL_map;24821;username;7500;0.0027756
STL_map;24821;username;10000;0.0038364
STL_map;24821;username;12500;0.004821
STL_map;24821;username;15000;0.0058146
STL_map;24821;username;17500;0.0067326
STL_map;24821;username;20000;0.0087266
STL_map;24821;username;2500;0.0009065
STL_map;24821;username;5000;0.0017169
STL_map;24821;username;7500;0.0029337
STL_map;24821;username;10000;0.0054287
STL_map;24821;username;12500;0.0058087
STL_map;24821;username;15000;0.0071973
STL_map;24821;username;17500;0.0069311
STL_map;24821;username;20000;0.0074634
STL_map;24821;username;2500;0.0011099
STL_map;24821;username;5000;0.0016814
STL_map;24821;username;7500;0.0026287
STL_map;24821;username;10000;0.0037086
STL_map;24821;username;12500;0.0047603
STL_map;24821;username;15000;0.0058065
STL_map;24821;username;17500;0.0066851
STL_map;24821;username;20000;0.0075072
STL_map;24821;username;2500;0.0008763
STL_map;24821;username;5000;0.0016664
STL_map;24821;username;7500;0.0025798
STL_map;24821;username;10000;0.0036678
STL_map;24821;username;12500;0.0047752
STL_map;24821;username;15000;0.0055269
STL_map;24821;username;17500;0.0065047
STL_map;24821;username;20000;0.0074885
STL_map;24821;username;2500;0.0008848
STL_map;24821;username;5000;0.001657
STL_map;24821;username;7500;0.0026686
STL_map;24821;username;10000;0.0035871
STL_map;24821;username;12500;0.0046493
STL_map;24821;username;15000;0.0054726
STL_map;24821;username;17500;0.0063108
STL_map;24821;username;20000;0.0073537
STL_map;24821;username;2500;0.0008649
STL_map;24821;username;5000;0.0017281
STL_map;24821;username;7500;0.0026287
STL_map;24821;username;10000;0.003789
STL_map;24821;username;12500;0.0047276
STL_map;24821;username;15000;0.0057235
STL_map;24821;username;17500;0.0066926
STL_map;24821;username;20000;0.0076499
STL_map;24821;username;2500;0.0008832
STL_map;24821;username;5000;0.0021326
STL_map;24821;username;7500;0.0028371
STL_map;24821;username;10000;0.0038976
STL_map;24821;username;12500;0.0052383
STL_map;24821;username;15000;0.0064491
STL_map;24821;username;17500;0.0072938
STL_map;24821;username;20000;0.0090664
STL_map;24821;username;2500;0.0009191
STL_map;24821;username;5000;0.0017081
STL_map;24821;username;7500;0.0029127
STL_map;24821;username;10000;0.0039449
STL_map;24821;username;12500;0.0053139
STL_map;24821;username;15000;0.0055195
STL_map;24821;username;17500;0.0065579
STL_map;24821;username;20000;0.0095572
STL_map;24821;username;2500;0.0008803
STL_map;24821;username;5000;0.0022317
STL_map;24821;username;7500;0.0035339
STL_map;24821;username;10000;0.0038137
STL_map;24821;username;12500;0.0051257
STL_map;24821;username;15000;0.0060093
STL_map;24821;username;17500;0.0068843
STL_map;24821;username;20000;0.007751
STL_map;24821;username;2500;0.0008902
STL_map;24821;username;5000;0.0017591
STL_map;24821;username;7500;0.0026996
STL_map;24821;username;10000;0.0039661
STL_map;24821;username;12500;0.0053401
STL_map;24821;username;15000;0.0063517
STL_map;24821;username;17500;0.0072933
STL_map;24821;username;20000;0.0085069
STL_map;24821;username;2500;0.0009102
STL_map;24821;username;5000;0.0017959
STL_map;24821;username;7500;0.0026614
STL_map;24821;username;10000;0.0040075
STL_map;24821;username;12500;0.0050257
STL_map;24821;username;15000;0.0057365
STL_map;24821;username;17500;0.0071591
STL_map;24821;username;20000;0.0083169
STL_map;24821;username;2500;0.0009095
STL_map;24821;username;5000;0.001775
STL_map;24821;username;7500;0.0029665
STL_map;24821;username;10000;0.0041634
STL_map;24821;username;12500;0.0050102
STL_map;24821;username;15000;0.0057781
STL_map;24821;username;17500;0.0069601
STL_map;24821;username;20000;0.0079311
STL_map;24821;username;2500;0.0008831
STL_map;24821;username;5000;0.001796
STL_map;24821;username;7500;0.0028333
STL_map;24821;username;10000;0.0038439
STL_map;24821;username;12500;0.0049456
STL_map;24821;username;15000;0.0059381
STL_map;24821;username;17500;0.0069106
STL_map;24821;username;20000;0.0079609
STL_map;24821;username;2500;0.0009078
STL_map;24821;username;5000;0.0017411
STL_map;24821;username;7500;0.0026977
STL_map;24821;username;10000;0.0038601
STL_map;24821;username;12500;0.0047123
STL_map;24821;username;15000;0.0058083
STL_map;24821;username;17500;0.0064693
STL_map;24821;username;20000;0.00745
STL_map;24821;username;2500;0.0008707
STL_map;24821;username;5000;0.0017141
STL_map;24821;username;7500;0.0026251
STL_map;24821;username;10000;0.003896
STL_map;24821;username;12500;0.004906
STL_map;24821;username;15000;0.0058105
STL_map;24821;username;17500;0.0070777
STL_map;24821;username;20000;0.0074235
STL_map;24821;username;2500;0.0009799
STL_map;24821;username;5000;0.0016847
STL_map;24821;username;7500;0.0027692
STL_map;24821;username;10000;0.0039749
STL_map;24821;username;12500;0.0054012
STL_map;24821;username;15000;0.0060098
STL_map;24821;username;17500;0.0069281
STL_map;24821;username;20000;0.0082724
STL_map;24821;username;2500;0.000898
STL_map;24821;username;5000;0.0016999
STL_map;24821;username;7500;0.002654
STL_map;24821;username;10000;0.0038449
STL_map;24821;username;12500;0.0050088
STL_map;24821;username;15000;0.0058384
STL_map;24821;username;17500;0.0066055
STL_map;24821;username;20000;0.0076614
STL_map;24821;username;2500;0.000875
STL_map;24821;username;5000;0.0016916
STL_map;24821;username;7500;0.0026267
STL_map;24821;username;10000;0.0036904
STL_map;24821;username;12500;0.0047806
STL_map;24821;username;15000;0.0058039
STL_map;24821;username;17500;0.0064892
STL_map;24821;username;20000;0.0076106
STL_map;24821;username;2500;0.000889
STL_map;24821;username;5000;0.0017281
STL_map;24821;username;7500;0.0026248
STL_map;24821;username;10000;0.003672
STL_map;24821;username;12500;0.0047655
STL_map;24821;username;15000;0.0058997
STL_map;24821;username;17500;0.0066741
STL_map;24821;username;20000;0.0074352
STL_map;24821;username;2500;0.0008937
STL_map;24821;username;5000;0.0016794
STL_map;24821;username;7500;0.00264
STL_map;24821;username;10000;0.0036972
STL_map;24821;username;12500;0.0047445
STL_map;24821;username;15000;0.0056639
STL_map;24821;username;17500;0.0066207
STL_map;24821;username;20000;0.0075437
STL_map;24821;username;2500;0.0008605
STL_map;24821;username;5000;0.0017657
STL_map;24821;username;7500;0.0025894
STL_map;24821;username;10000;0.0037713
STL_map;24821;username;12500;0.0047343
STL_map;24821;username;15000;0.0057767
STL_map;24821;username;17500;0.0070972
STL_map;24821;username;20000;0.0074323
STL_map;24821;username;2500;0.0008592
STL_map;24821;username;5000;0.0016763
STL_map;24821;username;7500;0.0026052
STL_map;24821;username;10000;0.003718
STL_map;24821;username;12500;0.0047322
STL_map;24821;username;15000;0.0056079
STL_map;24821;username;17500;0.0066083
STL_map;24821;username;20000;0.0074793
STL_map;24821;username;2500;0.0008889
STL_map;24821;username;5000;0.0016578
STL_map;24821;username;7500;0.0026276
STL_map;24821;username;10000;0.0037862
STL_map;24821;username;12500;0.0046943
STL_map;24821;username;15000;0.0057961
STL_map;24821;username;17500;0.0065399
STL_map;24821;username;20000;0.0071918
STL_map;24821;username;2500;0.0009034
STL_map;24821;username;5000;0.0016319
STL_map;24821;username;7500;0.0025242
STL_map;24821;username;10000;0.0035681
STL_map;24821;username;12500;0.0045519
STL_map;24821;username;15000;0.0054047
STL_map;24821;username;17500;0.0065287
STL_map;24821;username;20000;0.0074589
STL_map;24821;username;2500;0.0008837
STL_map;24821;username;5000;0.001713
STL_map;24821;username;7500;0.0026043
STL_map;24821;username;10000;0.0037268
STL_map;24821;username;12500;0.0047112
STL_map;24821;username;15000;0.0060466
STL_map;24821;username;17500;0.0073344
STL_map;24821;username;20000;0.0079825
STL_map;24821;username;2500;0.0008971
STL_map;24821;username;5000;0.0017002
STL_map;24821;username;7500;0.0025738
STL_map;24821;username;10000;0.0036812
STL_map;24821;username;12500;0.0046407
STL_map;24821;username;15000;0.0056625
STL_map;24821;username;17500;0.0066578
STL_map;24821;username;20000;0.0075191
STL_map;24821;username;2500;0.0008779
STL_map;24821;username;5000;0.0016513
STL_map;24821;username;7500;0.0025121
STL_map;24821;username;10000;0.0036682
STL_map;24821;username;12500;0.0048279
STL_map;24821;username;15000;0.0052758
STL_map;24821;username;17500;0.0063921
STL_map;24821;username;20000;0.0073477
STL_map;24821;username;2500;0.0008955
STL_map;24821;username;5000;0.0016642
STL_map;24821;username;7500;0.0026065
STL_map;24821;username;10000;0.0042157
STL_map;24821;username;12500;0.0046759
STL_map;24821;username;15000;0.0055357
STL_map;24821;username;17500;0.0066794
STL_map;24821;username;20000;0.0074443
STL_map;24821;username;2500;0.0008692
STL_map;24821;username;5000;0.0016673
STL_map;24821;username;7500;0.0026065
STL_map;24821;username;10000;0.0037191
STL_map;24821;username;12500;0.0046681
STL_map;24821;username;15000;0.0064068
STL_map;24821;username;17500;0.0067335
STL_map;24821;username;20000;0.0075151
STL_map;24821;username;2500;0.0008925
STL_map;24821;username;5000;0.0017053
STL_map;24821;username;7500;0.0026238
STL_map;24821;username;10000;0.0037606
STL_map;24821;username;12500;0.0047513
STL_map;24821;username;15000;0.0056052
STL_map;24821;username;17500;0.0068402
STL_map;24821;username;20000;0.0078631
STL_map;24821;username;2500;0.0008658
STL_map;24821;username;5000;0.0017379
STL_map;24821;username;7500;0.0027095
STL_map;24821;username;10000;0.0037382
STL_map;24821;username;12500;0.0047493
STL_map;24821;username;15000;0.0058359
STL_map;24821;username;17500;0.0065588
STL_map;24821;username;20000;0.0077227
STL_map;24821;username;2500;0.0008799
STL_map;24821;username;5000;0.0016657
STL_map;24821;username;7500;0.0026495
STL_map;24821;username;10000;0.0037816
STL_map;24821;username;12500;0.0048095
STL_map;24821;username;15000;0.0065346
STL_map;24821;username;17500;0.006478
STL_map;24821;username;20000;0.0074543
STL_map;24821;username;2500;0.0008835
STL_map;24821;username;5000;0.0016631
STL_map;24821;username;7500;0.0026026
STL_map;24821;username;10000;0.0044746
STL_map;24821;username;12500;0.0052903
STL_map;24821;username;15000;0.0059877
STL_map;24821;username;17500;0.0068314
STL_map;24821;username;20000;0.0077815
STL_map;24821;username;2500;0.0008866
STL_map;24821;username;5000;0.0016703
STL_map;24821;username;7500;0.0026035
STL_map;24821;username;10000;0.0036427
STL_map;24821;username;12500;0.0046881
STL_map;24821;username;15000;0.0055852
STL_map;24821;username;17500;0.0068468
STL_map;24821;username;20000;0.0074879
STL_map;24821;username;2500;0.0008813
STL_map;24821;username;5000;0.0016768
STL_map;24821;username;7500;0.0026634
STL_map;24821;username;10000;0.0037259
STL_map;24821;username;12500;0.0050887
STL_map;24821;username;15000;0.0057175
STL_map;24821;username;17500;0.0065596
STL_map;24821;username;20000;0.0077081
STL_map;24821;username;2500;0.0008725
STL_map;24821;username;5000;0.0016923
STL_map;24821;username;7500;0.0026191
STL_map;24821;username;10000;0.0036716
STL_map;24821;username;12500;0.0047364
STL_map;24821;username;15000;0.0052883
STL_map;24821;username;17500;0.0062868
STL_map;24821;username;20000;0.007447
STL_map;24821;username;2500;0.0008689
STL_map;24821;username;5000;0.001626
STL_map;24821;username;7500;0.002641
STL_map;24821;username;10000;0.0037162
STL_map;24821;username;12500;0.0046851
STL_map;24821;username;15000;0.0055237
STL_map;24821;username;17500;0.0068267
STL_map;24821;username;20000;0.0074788
STL_map;24821;username;2500;0.0008796
STL_map;24821;username;5000;0.0016854
STL_map;24821;username;7500;0.0026131
STL_map;24821;username;10000;0.0036826
STL_map;24821;username;12500;0.0046721
STL_map;24821;username;15000;0.0055382
STL_map;24821;username;17500;0.0068626
STL_map;24821;username;20000;0.0074188
STL_map;24821;username;2500;0.0008842
STL_map;24821;username;5000;0.0017045
STL_map;24821;username;7500;0.0026294
STL_map;24821;username;10000;0.003677
STL_map;24821;username;12500;0.0046523
STL_map;24821;username;15000;0.0055317
STL_map;24821;username;17500;0.0062797
STL_map;24821;username;20000;0.0071517
STL_map;24821;username;2500;0.0008414
STL_map;24821;username;5000;0.0016323
STL_map;24821;username;7500;0.0026021
STL_map;24821;username;10000;0.0040238
STL_map;24821;username;12500;0.0048697
STL_map;24821;username;15000;0.0055626
STL_map;24821;username;17500;0.0065565
STL_map;24821;username;20000;0.0075594
STL_map;24821;username;2500;0.0008869
STL_map;24821;username;5000;0.0016685
STL_map;24821;username;7500;0.0025719
STL_map;24821;username;10000;0.0036078
STL_map;24821;username;12500;0.0046655
STL_map;24821;username;15000;0.0055763
STL_map;24821;username;17500;0.0066307
STL_map;24821;username;20000;0.0075761
STL_map;24821;username;2500;0.0008801
STL_map;24821;username;5000;0.0016736
STL_map;24821;username;7500;0.0025908
STL_map;24821;username;10000;0.0036726
STL_map;24821;username;12500;0.0046965
STL_map;24821;username;15000;0.0057198
STL_map;24821;username;17500;0.006829
STL_map;24821;username;20000;0.0075247
STL_map;24821;username;2500;0.0009129
STL_map;24821;username;5000;0.0016497
STL_map;24821;username;7500;0.0025978
STL_map;24821;username;10000;0.0036814
STL_map;24821;username;12500;0.0047697
STL_map;24821;username;15000;0.0055967
STL_map;24821;username;17500;0.0065337
STL_map;24821;username;20000;0.0076124
STL_map;24821;username;2500;0.0008823
STL_map;24821;username;5000;0.0016855
STL_map;24821;username;7500;0.0026562
STL_map;24821;username;10000;0.0036539
STL_map;24821;username;12500;0.0048928
STL_map;24821;username;15000;0.0057852
STL_map;24821;username;17500;0.0067427
STL_map;24821;username;20000;0.0075181
STL_map;24821;user_id;2500;0.000778
STL_map;24821;user_id;5000;0.0015016
STL_map;24821;user_id;7500;0.0024129
STL_map;24821;user_id;10000;0.0051046
STL_map;24821;user_id;12500;0.0044235
STL_map;24821;user_id;15000;0.0052603
STL_map;24821;user_id;17500;0.0060502
STL_map;24821;user_id;20000;0.0070962
STL_map;24821;user_id;2500;0.0007876
STL_map;24821;user_id;5000;0.0014907
STL_map;24821;user_id;7500;0.002442
STL_map;24821;user_id;10000;0.0033836
STL_map;24821;user_id;12500;0.0042211
STL_map;24821;user_id;15000;0.0051391
STL_map;24821;user_id;17500;0.005973
STL_map;24821;user_id;20000;0.0069128
STL_map;24821;user_id;2500;0.0007734
STL_map;24821;user_id;5000;0.0015094
STL_map;24821;user_id;7500;0.0024299
STL_map;24821;user_id;10000;0.0033473
STL_map;24821;user_id;12500;0.0041988
STL_map;24821;user_id;15000;0.0050992
STL_map;24821;user_id;17500;0.0074418
STL_map;24821;user_id;20000;0.0071199
STL_map;24821;user_id;2500;0.0007767
STL_map;24821;user_id;5000;0.0014901
STL_map;24821;user_id;7500;0.002408
STL_map;24821;user_id;10000;0.0033451
STL_map;24821;user_id;12500;0.0042835
STL_map;24821;user_id;15000;0.0050773
STL_map;24821;user_id;17500;0.0060557
STL_map;24821;user_id;20000;0.0071373
STL_map;24821;user_id;2500;0.0007818
STL_map;24821;user_id;5000;0.0014826
STL_map;24821;user_id;7500;0.0023549
STL_map;24821;user_id;10000;0.0032206
STL_map;24821;user_id;12500;0.0041335
STL_map;24821;user_id;15000;0.004979
STL_map;24821;user_id;17500;0.0058038
STL_map;24821;user_id;20000;0.0067644
STL_map;24821;user_id;2500;0.0007629
STL_map;24821;user_id;5000;0.0014818
STL_map;24821;user_id;7500;0.0024052
STL_map;24821;user_id;10000;0.003528
STL_map;24821;user_id;12500;0.0053237
STL_map;24821;user_id;15000;0.0054221
STL_map;24821;user_id;17500;0.0065404
STL_map;24821;user_id;20000;0.0068868
STL_map;24821;user_id;2500;0.0008056
STL_map;24821;user_id;5000;0.0014879
STL_map;24821;user_id;7500;0.0024235
STL_map;24821;user_id;10000;0.0033477
STL_map;24821;user_id;12500;0.0042377
STL_map;24821;user_id;15000;0.0053483
STL_map;24821;user_id;17500;0.0062813
STL_map;24821;user_id;20000;0.0071089
STL_map;24821;user_id;2500;0.0007781
STL_map;24821;user_id;5000;0.0015154
STL_map;24821;user_id;7500;0.0024337
STL_map;24821;user_id;10000;0.0033911
STL_map;24821;user_id;12500;0.0040776
STL_map;24821;user_id;15000;0.0051747
STL_map;24821;user_id;17500;0.006075
STL_map;24821;user_id;20000;0.0066515
STL_map;24821;user_id;2500;0.0007652
STL_map;24821;user_id;5000;0.0015014
STL_map;24821;user_id;7500;0.0023898
STL_map;24821;user_id;10000;0.0033301
STL_map;24821;user_id;12500;0.004309
STL_map;24821;user_id;15000;0.0091526
STL_map;24821;user_id;17500;0.0065515
STL_map;24821;user_id;20000;0.0079255
STL_map;24821;user_id;2500;0.0007805
STL_map;24821;user_id;5000;0.0015123
STL_map;24821;user_id;7500;0.0024106
STL_map;24821;user_id;10000;0.0033688
STL_map;24821;user_id;12500;0.0042663
STL_map;24821;user_id;15000;0.0051961
STL_map;24821;user_id;17500;0.0061531
STL_map;24821;user_id;20000;0.0071908
STL_map;24821;user_id;2500;0.0007797
STL_map;24821;user_id;5000;0.001537
STL_map;24821;user_id;7500;0.0024824
STL_map;24821;user_id;10000;0.0034604
STL_map;24821;user_id;12500;0.0045373
STL_map;24821;user_id;15000;0.0052439
STL_map;24821;user_id;17500;0.0058199
STL_map;24821;user_id;20000;0.0066982
STL_map;24821;user_id;2500;0.0007672
STL_map;24821;user_id;5000;0.0014826
STL_map;24821;user_id;7500;0.0023953
STL_map;24821;user_id;10000;0.0034055
STL_map;24821;user_id;12500;0.0042947
STL_map;24821;user_id;15000;0.0052471
STL_map;24821;user_id;17500;0.0059436
STL_map;24821;user_id;20000;0.0070078
STL_map;24821;user_id;2500;0.0007773
STL_map;24821;user_id;5000;0.0015017
STL_map;24821;user_id;7500;0.0024284
STL_map;24821;user_id;10000;0.0034583
STL_map;24821;user_id;12500;0.0042618
STL_map;24821;user_id;15000;0.0051107
STL_map;24821;user_id;17500;0.0112932
STL_map;24821;user_id;20000;0.0076413
STL_map;24821;user_id;2500;0.0007754
STL_map;24821;user_id;5000;0.0015325
STL_map;24821;user_id;7500;0.0025337
STL_map;24821;user_id;10000;0.0035717
STL_map;24821;user_id;12500;0.0042438
STL_map;24821;user_id;15000;0.0052175
STL_map;24821;user_id;17500;0.0060362
STL_map;24821;user_id;20000;0.0068729
STL_map;24821;user_id;2500;0.0007633
STL_map;24821;user_id;5000;0.0014764
STL_map;24821;user_id;7500;0.0024229
STL_map;24821;user_id;10000;0.003342
STL_map;24821;user_id;12500;0.0041664
STL_map;24821;user_id;15000;0.0051714
STL_map;24821;user_id;17500;0.0059566
STL_map;24821;user_id;20000;0.0069532
STL_map;24821;user_id;2500;0.0007745
STL_map;24821;user_id;5000;0.0015076
STL_map;24821;user_id;7500;0.0024362
STL_map;24821;user_id;10000;0.0034403
STL_map;24821;user_id;12500;0.0041892
STL_map;24821;user_id;15000;0.0051187
STL_map;24821;user_id;17500;0.0062928
STL_map;24821;user_id;20000;0.0108459
STL_map;24821;user_id;2500;0.0007931
STL_map;24821;user_id;5000;0.0015369
STL_map;24821;user_id;7500;0.0024711
STL_map;24821;user_id;10000;0.0034259
STL_map;24821;user_id;12500;0.0046299
STL_map;24821;user_id;15000;0.005445
STL_map;24821;user_id;17500;0.0062457
STL_map;24821;user_id;20000;0.0066939
STL_map;24821;user_id;2500;0.0007434
STL_map;24821;user_id;5000;0.0014571
STL_map;24821;user_id;7500;0.0023445
STL_map;24821;user_id;10000;0.0032851
STL_map;24821;user_id;12500;0.0042398
STL_map;24821;user_id;15000;0.0050725
STL_map;24821;user_id;17500;0.0060569
STL_map;24821;user_id;20000;0.0068545
STL_map;24821;user_id;2500;0.0007714
STL_map;24821;user_id;5000;0.0014996
STL_map;24821;user_id;7500;0.0024241
STL_map;24821;user_id;10000;0.0034108
STL_map;24821;user_id;12500;0.0043133
STL_map;24821;user_id;15000;0.0052804
STL_map;24821;user_id;17500;0.0061719
STL_map;24821;user_id;20000;0.0072949
STL_map;24821;user_id;2500;0.0007678
STL_map;24821;user_id;5000;0.0014954
STL_map;24821;user_id;7500;0.0026668
STL_map;24821;user_id;10000;0.0034372
STL_map;24821;user_id;12500;0.004801
STL_map;24821;user_id;15000;0.0058921
STL_map;24821;user_id;17500;0.007462
STL_map;24821;user_id;20000;0.0070919
STL_map;24821;user_id;2500;0.0007937
STL_map;24821;user_id;5000;0.0014675
STL_map;24821;user_id;7500;0.0023453
STL_map;24821;user_id;10000;0.0034039
STL_map;24821;user_id;12500;0.0045418
STL_map;24821;user_id;15000;0.0061295
STL_map;24821;user_id;17500;0.0063526
STL_map;24821;user_id;20000;0.0072835
STL_map;24821;user_id;2500;0.0007922
STL_map;24821;user_id;5000;0.0015037
STL_map;24821;user_id;7500;0.0024787
STL_map;24821;user_id;10000;0.0033642
STL_map;24821;user_id;12500;0.0042805
STL_map;24821;user_id;15000;0.0053439
STL_map;24821;user_id;17500;0.0060853
STL_map;24821;user_id;20000;0.0070679
STL_map;24821;user_id;2500;0.0007691
STL_map;24821;user_id;5000;0.0014967
STL_map;24821;user_id;7500;0.0024118
STL_map;24821;user_id;10000;0.0034088
STL_map;24821;user_id;12500;0.0042292
STL_map;24821;user_id;15000;0.0052225
STL_map;24821;user_id;17500;0.0062933
STL_map;24821;user_id;20000;0.0074377
STL_map;24821;user_id;2500;0.0007534
STL_map;24821;user_id;5000;0.00148
STL_map;24821;user_id;7500;0.002429
STL_map;24821;user_id;10000;0.0034419
STL_map;24821;user_id;12500;0.0050517
STL_map;24821;user_id;15000;0.0066889
STL_map;24821;user_id;17500;0.0065785
STL_map;24821;user_id;20000;0.0076928
STL_map;24821;user_id;2500;0.0008001
STL_map;24821;user_id;5000;0.001538
STL_map;24821;user_id;7500;0.0024663
STL_map;24821;user_id;10000;0.003773
STL_map;24821;user_id;12500;0.0044788
STL_map;24821;user_id;15000;0.0056435
STL_map;24821;user_id;17500;0.0065371
STL_map;24821;user_id;20000;0.0078921
STL_map;24821;user_id;2500;0.0007997
STL_map;24821;user_id;5000;0.0015922
STL_map;24821;user_id;7500;0.0024744
STL_map;24821;user_id;10000;0.0034174
STL_map;24821;user_id;12500;0.0042595
STL_map;24821;user_id;15000;0.0053961
STL_map;24821;user_id;17500;0.00632
STL_map;24821;user_id;20000;0.0075498
STL_map;24821;user_id;2500;0.000796
STL_map;24821;user_id;5000;0.0014917
STL_map;24821;user_id;7500;0.002351
STL_map;24821;user_id;10000;0.0035545
STL_map;24821;user_id;12500;0.0043181
STL_map;24821;user_id;15000;0.0050095
STL_map;24821;user_id;17500;0.0060304
STL_map;24821;user_id;20000;0.0068472
STL_map;24821;user_id;2500;0.0007798
STL_map;24821;user_id;5000;0.0014876
STL_map;24821;user_id;7500;0.0024147
STL_map;24821;user_id;10000;0.003579
STL_map;24821;user_id;12500;0.0042224
STL_map;24821;user_id;15000;0.0051388
STL_map;24821;user_id;17500;0.0061389
STL_map;24821;user_id;20000;0.0070033
STL_map;24821;user_id;2500;0.0007962
STL_map;24821;user_id;5000;0.0014942
STL_map;24821;user_id;7500;0.0024226
STL_map;24821;user_id;10000;0.0033416
STL_map;24821;user_id;12500;0.0042504
STL_map;24821;user_id;15000;0.0051132
STL_map;24821;user_id;17500;0.006269
STL_map;24821;user_id;20000;0.0070892
STL_map;24821;user_id;2500;0.0007711
STL_map;24821;user_id;5000;0.0015128
STL_map;24821;user_id;7500;0.0023274
STL_map;24821;user_id;10000;0.0033996
STL_map;24821;user_id;12500;0.0040346
STL_map;24821;user_id;15000;0.0050533
STL_map;24821;user_id;17500;0.0062605
STL_map;24821;user_id;20000;0.0069884
STL_map;24821;user_id;2500;0.0007886
STL_map;24821;user_id;5000;0.001495
STL_map;24821;user_id;7500;0.0024164
STL_map;24821;user_id;10000;0.0033872
STL_map;24821;user_id;12500;0.0041654
STL_map;24821;user_id;15000;0.005045
STL_map;24821;user_id;17500;0.0059877
STL_map;24821;user_id;20000;0.0071034
STL_map;24821;user_id;2500;0.0007964
STL_map;24821;user_id;5000;0.0014922
STL_map;24821;user_id;7500;0.0024294
STL_map;24821;user_id;10000;0.0034227
STL_map;24821;user_id;12500;0.0048019
STL_map;24821;user_id;15000;0.0056151
STL_map;24821;user_id;17500;0.0063804
STL_map;24821;user_id;20000;0.0071532
STL_map;24821;user_id;2500;0.0008768
STL_map;24821;user_id;5000;0.0020434
STL_map;24821;user_id;7500;0.0026977
STL_map;24821;user_id;10000;0.0035959
STL_map;24821;user_id;12500;0.0041142
STL_map;24821;user_id;15000;0.0052872
STL_map;24821;user_id;17500;0.0061348
STL_map;24821;user_id;20000;0.007334
STL_map;24821;user_id;2500;0.0008071
STL_map;24821;user_id;5000;0.0015117
STL_map;24821;user_id;7500;0.0024167
STL_map;24821;user_id;10000;0.0034365
STL_map;24821;user_id;12500;0.0042618
STL_map;24821;user_id;15000;0.0050939
STL_map;24821;user_id;17500;0.0060282
STL_map;24821;user_id;20000;0.0070075
STL_map;24821;user_id;2500;0.0007732
STL_map;24821;user_id;5000;0.0015229
STL_map;24821;user_id;7500;0.0024101
STL_map;24821;user_id;10000;0.0033511
STL_map;24821;user_id;12500;0.0042608
STL_map;24821;user_id;15000;0.0056259
STL_map;24821;user_id;17500;0.0068066
STL_map;24821;user_id;20000;0.0087806
STL_map;24821;user_id;2500;0.000829
STL_map;24821;user_id;5000;0.0017975
STL_map;24821;user_id;7500;0.0027523
STL_map;24821;user_id;10000;0.0034222
STL_map;24821;user_id;12500;0.0044746
STL_map;24821;user_id;15000;0.0054383
STL_map;24821;user_id;17500;0.0073619
STL_map;24821;user_id;20000;0.0075454
STL_map;24821;user_id;2500;0.0007825
STL_map;24821;user_id;5000;0.0015312
STL_map;24821;user_id;7500;0.0024371
STL_map;24821;user_id;10000;0.003464
STL_map;24821;user_id;12500;0.0043608
STL_map;24821;user_id;15000;0.0052618
STL_map;24821;user_id;17500;0.0065293
STL_map;24821;user_id;20000;0.0071745
STL_map;24821;user_id;2500;0.000774
STL_map;24821;user_id;5000;0.0015001
STL_map;24821;user_id;7500;0.0023945
STL_map;24821;user_id;10000;0.0034218
STL_map;24821;user_id;12500;0.0042612
STL_map;24821;user_id;15000;0.0052082
STL_map;24821;user_id;17500;0.0062317
STL_map;24821;user_id;20000;0.0069662
STL_map;24821;user_id;2500;0.000773
STL_map;24821;user_id;5000;0.0015079
STL_map;24821;user_id;7500;0.0024067
STL_map;24821;user_id;10000;0.0036605
STL_map;24821;user_id;12500;0.0043979
STL_map;24821;user_id;15000;0.0055747
STL_map;24821;user_id;17500;0.0061905
STL_map;24821;user_id;20000;0.0073015
STL_map;24821;user_id;2500;0.001022
STL_map;24821;user_id;5000;0.0015234
STL_map;24821;user_id;7500;0.0024484
STL_map;24821;user_id;10000;0.0033489
STL_map;24821;user_id;12500;0.0043058
STL_map;24821;user_id;15000;0.0050878
STL_map;24821;user_id;17500;0.0060173
STL_map;24821;user_id;20000;0.0070538
STL_map;24821;user_id;2500;0.0007771
STL_map;24821;user_id;5000;0.0015033
STL_map;24821;user_id;7500;0.0024138
STL_map;24821;user_id;10000;0.0033634
STL_map;24821;user_id;12500;0.0043512
STL_map;24821;user_id;15000;0.0051122
STL_map;24821;user_id;17500;0.0062172
STL_map;24821;user_id;20000;0.0073299
STL_map;24821;user_id;2500;0.0008075
STL_map;24821;user_id;5000;0.0015104
STL_map;24821;user_id;7500;0.0024647
STL_map;24821;user_id;10000;0.0033831
STL_map;24821;user_id;12500;0.0044004
STL_map;24821;user_id;15000;0.0050641
STL_map;24821;user_id;17500;0.005824
STL_map;24821;user_id;20000;0.007019
STL_map;24821;user_id;2500;0.0007709
STL_map;24821;user_id;5000;0.0014926
STL_map;24821;user_id;7500;0.0024624
STL_map;24821;user_id;10000;0.0036519
STL_map;24821;user_id;12500;0.0043603
STL_map;24821;user_id;15000;0.0051989
STL_map;24821;user_id;17500;0.0061917
STL_map;24821;user_id;20000;0.0070579
STL_map;24821;user_id;2500;0.0007709
STL_map;24821;user_id;5000;0.0014952
STL_map;24821;user_id;7500;0.0024179
STL_map;24821;user_id;10000;0.0034179
STL_map;24821;user_id;12500;0.0043044
STL_map;24821;user_id;15000;0.0051312
STL_map;24821;user_id;17500;0.0062199
STL_map;24821;user_id;20000;0.0071105
STL_map;24821;user_id;2500;0.0007731
STL_map;24821;user_id;5000;0.0015048
STL_map;24821;user_id;7500;0.0024818
STL_map;24821;user_id;10000;0.0034078
STL_map;24821;user_id;12500;0.0041884
STL_map;24821;user_id;15000;0.005158
STL_map;24821;user_id;17500;0.0058678
STL_map;24821;user_id;20000;0.0066596
STL_map;24821;user_id;2500;0.0007444
STL_map;24821;user_id;5000;0.0014689
STL_map;24821;user_id;7500;0.0023463
STL_map;24821;user_id;10000;0.0034032
STL_map;24821;user_id;12500;0.0045615
STL_map;24821;user_id;15000;0.00502
STL_map;24821;user_id;17500;0.0062433
STL_map;24821;user_id;20000;0.0070554
STL_map;24821;user_id;2500;0.0007859
STL_map;24821;user_id;5000;0.0015111
STL_map;24821;user_id;7500;0.0024193
STL_map;24821;user_id;10000;0.003351
STL_map;24821;user_id;12500;0.0042241
STL_map;24821;user_id;15000;0.0051227
STL_map;24821;user_id;17500;0.0060112
STL_map;24821;user_id;20000;0.0074622
STL_map;24821;user_id;2500;0.0007713
STL_map;24821;user_id;5000;0.0014959
STL_map;24821;user_id;7500;0.0024182
STL_map;24821;user_id;10000;0.00333
STL_map;24821;user_id;12500;0.0042184
STL_map;24821;user_id;15000;0.0053349
STL_map;24821;user_id;17500;0.0061423
STL_map;24821;user_id;20000;0.0069689
STL_map;24821;user_id;2500;0.0007529
STL_map;24821;user_id;5000;0.0014573
STL_map;24821;user_id;7500;0.002374
STL_map;24821;user_id;10000;0.0032052
STL_map;24821;user_id;12500;0.0042656
STL_map;24821;user_id;15000;0.0049008
STL_map;24821;user_id;17500;0.0059481
STL_map;24821;user_id;20000;0.006898
STL_map;24821;user_id;2500;0.0007697
STL_map;24821;user_id;5000;0.0014955
STL_map;24821;user_id;7500;0.002416
STL_map;24821;user_id;10000;0.0034156
STL_map;24821;user_id;12500;0.0043257
STL_map;24821;user_id;15000;0.0050113
STL_map;24821;user_id;17500;0.0062501
STL_map;24821;user_id;20000;0.0072967
